insert into book_detail (id, publisher, year, abstract_to_book)
values (1, 'Manning Publications', '2018', 'Comprehensive guide to modern Java programming'),
       (2, 'Addison-Wesley', '2011', 'A comprehensive introduction to algorithms'),
       (3, 'Addison-Wesley', '1994', 'A classic guide to software design patterns'),
       (4, 'George Newnes', '1892', 'Detective stories featuring Sherlock Holmes'),
       (5, 'Bloomsbury', '1997', 'The first book in the Harry Potter series'),
       (6, 'Signet Classic', '1949', 'A dystopian novel about a totalitarian regime'),
       (7, 'J.B. Lippincott & Co.', '1960', 'A novel about racial injustice in the Deep South'),
       (8, 'T. Egerton, Whitehall', '1813', 'A romantic novel about the manners of British gentry'),
       (9, 'Charles Scribner\'s Sons', '1925', 'A novel about the American dream in the 1920s'),
       (10, 'Harper & Brothers', '1851', 'A story of the obsessive quest for a giant whale'),
       (11, 'The Russian Messenger', '1869', 'A historical novel about the Napoleonic wars'),
       (12, 'Little, Brown and Company', '1951', 'A novel about teenage angst and alienation'),
       (13, 'Penguin Classics', '800 BC', 'An epic poem about the adventures of Odysseus'),
       (14, 'Penguin Classics', '1320', 'An epic poem about the afterlife'),
       (15, 'Smith, Elder & Co.', '1847', 'A novel about the experiences of the eponymous heroine'),
       (16, 'Thomas Cautley Newby', '1847', 'A novel about the intense relationship between two families'),
       (17, 'Chatto & Windus', '1932', 'A dystopian novel about a future World State'),
       (18, 'Revue de Paris', '1856', 'A novel about the life of a doctor\'s wife in provincial France'),
       (19, 'Harper & Row', '1967', 'A novel about the Buendía family in the town of Macondo'),
       (20, 'Grasset', '1913', 'A modernist novel about involuntary memory'),
       (21, 'Sylvia Beach', '1922', 'A modernist novel about the experiences of Leopold Bloom'),
       (22, 'Francisco de Robles', '1605', 'A novel about the adventures of an aging knight'),
       (23, 'Penguin Classics', '762 BC', 'An epic poem about the Trojan War'),
       (24, 'George Allen & Unwin', '1937', 'A fantasy novel about the journey of Bilbo Baggins'),
       (25, 'Ballantine Books', '1953', 'A dystopian novel about a future American society where books are banned');



insert into category (id, name, description)
values (1, 'Java','Learning Java'),
       (2, 'Detective','Detective'),
       (3, 'Dystopian','Dystopian'),
       (4, 'Fiction','Fiction');


insert into building (id, name, address, has_reading_room)
values (1, 'Christ\'s College', 'St Andrews St, Cambridge CB2 3BU', true),
       (2, 'Churchill College', 'Storey\'s Way, Cambridge CB3 0DS', true),
       (3, 'Clare College', 'Trinity Ln, Cambridge CB2 1TL', true),
       (4, 'Trinity College', 'Trinity St, Cambridge CB2 1TQ', true),
       (5, 'Trinity Hall', 'Trinity Ln, Cambridge CB2 1TJ', true),
       (6, 'Wolfson College', 'Barton Rd, Cambridge CB3 9BB', true);

insert into book (access_level, building_id, id, title, category_id, available_amount, isbn, book_detail_id)
values  ('OPEN', 1, 1,'Java in action', 1, 2, '1', 1),
        ('OPEN', 1, 2,'Algorithms', 1, 1, '2', 2),
        ('OPEN', 1, 3,'Design Patterns', 1, 4, '3', 3),
        ('OPEN', 1, 4,'Sherlock Holmes', 2, 3, '4', null),
        ('OPEN', 1, 5,'Harry Potter and the Philosopher\'s stone', null, 4, '5', null),
        ('OPEN', 1, 6,'1984', 3, 5, '9780451524935', null),
        ('OPEN', 1, 7,'To Kill a Mockingbird',4, 7, '9780061120084', null),
        ('OPEN', 1, 8,'Pride and Prejudice', null, 3, '9781503290563', null),
        ('OPEN', 1, 9,'The Great Gatsby', 4, 4, '9780743273565', null),
        ('OPEN', 1, 10,'Moby Dick', null, 2, '9781503280786', null),
        ('OPEN', 1, 11,'War and Peace', 4, 6, '9780199232765', null),
        ('OPEN', 1, 12,'The Catcher in the Rye', 4, 5, '9780316769488', null),
        ('OPEN', 1, 13,'The Odyssey', null, 10, '9780140268867', null),
        ('OPEN', 1, 14,'The Divine Comedy', null, 4, '9780142437223', null),
        ('OPEN', 1, 15,'Jane Eyre', null, 3, '9781503278196', null),
        ('OPEN', 1, 16,'Wuthering Heights', 4, 4, '9780141439556', null),
        ('OPEN', 1, 17,'Brave New World', 3, 7, '9780060850524', null),
        ('OPEN', 1, 18,'Madame Bovary', 4, 5, '9780140449129', null),
        ('OPEN', 1, 19,'One Hundred Years of Solitude', null, 8, '9780060883287', null),
        ('OPEN', 1, 20,'In Search of Lost Time', null, 2, '9780143039570', null),
        ('OPEN', 1, 21,'Ulysses', null, 3, '9780199535675', null),
        ('OPEN', 1, 22,'Don Quixote', null, 7, '9780060934347', null),
        ('OPEN', 1, 23,'The Iliad', null, 5, '9780140275360', null),
        ('OPEN', 1, 24,'The Hobbit', null, 9, '9780345339683', null),
        ('OPEN', 1, 25,'Fahrenheit 451', 3, 4, '9781451673319', null);


insert into author (id, name, surname, author_info)
values (1, 'Urma', 'R.-G.',
        'Raoul-Gabriel Urma is the CEO and co-founder of Cambridge Spark, a learning and development platform for data scientists and developers.'),
       (2, 'Fusco', 'M.', 'Mario Fusco is a senior software engineer at Red Hat, working on the Drools project.'),
       (3, 'Mycroft', 'A.',
        'Alan Mycroft is a professor at the University of Cambridge Computer Laboratory, where he teaches and researches on various aspects of programming languages.'),
       (4, 'Robert', 'Sedgewick',
        'Robert Sedgewick is the William O. Baker Professor of Computer Science at Princeton University.'),
       (5, 'Kevin', 'Wayne', 'Kevin Wayne is a senior lecturer in computer science at Princeton University.'),
       (6, 'Erich', 'Gamma',
        'Erich Gamma is a Swiss computer scientist and co-author of the influential software engineering textbook Design Patterns.'),
       (7, 'Richard', 'Helm',
        'Richard Helm is one of the co-authors of the influential software engineering textbook Design Patterns.'),
       (8, 'Ralph', 'Johnson',
        'Ralph Johnson is a professor at the University of Illinois and a co-author of the influential software engineering textbook Design Patterns.'),
       (9, 'John', 'Vlissides',
        'John Vlissides was a software engineer and co-author of the influential software engineering textbook Design Patterns.'),
       (10, 'Arthur Conan', 'Doyle',
        'Sir Arthur Conan Doyle was a British writer best known for his detective fiction featuring the character Sherlock Holmes.'),
       (11, 'J. K.', 'Rowling',
        'J. K. Rowling is a British author, best known for writing the Harry Potter fantasy series.'),
       (12, 'George', 'Orwell',
        'George Orwell was an English novelist, essayist, journalist and critic, known for his works Animal Farm and Nineteen Eighty-Four.'),
       (13, 'Harper', 'Lee',
        'Harper Lee was an American novelist widely known for To Kill a Mockingbird, published in 1960.'),
       (14, 'Jane', 'Austen',
        'Jane Austen was an English novelist known primarily for her six major novels including Pride and Prejudice and Sense and Sensibility.'),
       (15, 'F. Scott', 'Fitzgerald',
        'F. Scott Fitzgerald was an American novelist and short story writer, widely regarded as one of the greatest American writers of the 20th century.'),
       (16, 'Herman', 'Melville',
        'Herman Melville was an American novelist, short story writer, and poet of the American Renaissance period, best known for his novel Moby-Dick.'),
       (17, 'Leo', 'Tolstoy',
        'Leo Tolstoy was a Russian writer who is regarded as one of the greatest authors of all time, best known for War and Peace and Anna Karenina.'),
       (18, 'J.D.', 'Salinger',
        'J.D. Salinger was an American writer best known for his novel The Catcher in the Rye.'),
       (19, 'Homer', null,
        'Homer is the legendary author of the Iliad and the Odyssey, two epic poems that are the central works of ancient Greek literature.'),
       (20, 'Dante', 'Alighieri',
        'Dante Alighieri was an Italian poet, writer and philosopher, best known for his epic poem The Divine Comedy.'),
       (21, 'Charlotte', 'Brontë',
        'Charlotte Brontë was an English novelist and poet, the eldest of the three Brontë sisters who survived into adulthood and whose novels have become classics of English literature.'),
       (22, 'Emily', 'Brontë',
        'Emily Brontë was an English novelist and poet who is best known for her only novel, Wuthering Heights.'),
       (23, 'Aldous', 'Huxley',
        'Aldous Huxley was an English writer and philosopher, best known for his novel Brave New World.'),
       (24, 'Gustave', 'Flaubert',
        'Gustave Flaubert was a French novelist, known for his debut novel Madame Bovary and for his scrupulous devotion to his art and style.'),
       (25, 'Gabriel Garcia', 'Marquez',
        'Gabriel Garcia Marquez was a Colombian novelist, short-story writer, screenwriter and journalist, known affectionately as Gabo throughout Latin America.'),
       (26, 'Marcel', 'Proust',
        'Marcel Proust was a French novelist, critic, and essayist best known for his monumental novel In Search of Lost Time.'),
       (27, 'James', 'Joyce',
        'James Joyce was an Irish novelist and poet, considered to be one of the most influential writers of the early 20th century.'),
       (28, 'Miguel de', 'Cervantes',
        'Miguel de Cervantes was a Spanish writer who is widely regarded as the greatest writer in the Spanish language and one of the worlds pre-eminent novelists.'),
       (29, 'J.R.R.', 'Tolkien',
        'J.R.R. Tolkien was an English writer, poet, philologist, and academic, best known for his high fantasy works The Hobbit and The Lord of the Rings.'),
       (30, 'Ray', 'Bradbury', 'Ray Bradbury was an American author and screenwriter,
        best known for his dystopian novel Fahrenheit 451.');

insert into visitor ( id, email, password, name, surname, role)
values (12, 'john.doe@example.com', 'password123', 'John', 'Doe', 'guest'),
       (23, 'jane.smith@example.com', 'password123', 'Jane', 'Smith', 'guest'),
       (34, 'alice.jones@example.com', 'password123', 'Alice', 'Jones', 'guest'),
       (45, 'bob.brown@example.com', 'password123', 'Bob', 'Brown', 'guest'),
       (56, 'charlie.black@example.com', 'password123', 'Charlie', 'Black', 'guest'),
       (67, 'david.white@example.com', 'password123', 'David', 'White', 'guest'),
       (78, 'eve.green@example.com', 'password123', 'Eve', 'Green', 'guest'),
       (89, 'frank.red@example.com', 'password123', 'Frank', 'Red', 'guest'),
       (90, 'grace.blue@example.com', 'password123', 'Grace', 'Blue', 'guest'),
       (101, 'hannah.yellow@example.com', 'password123', 'Hannah', 'Yellow', 'guest');

insert into visitor_took_book (visitor_id, book_id)
    values (12, 1),
           (12, 2);

insert into book_has_author(author_id, book_id)
values (1, 1),
       (2, 1),
       (3, 1),
       (4, 2),
       (5, 2),
       (6, 3),
       (7, 3),
       (8, 3),
       (9, 3),
       (10, 4),
       (11, 5),
       (12, 6),
       (13, 7),
       (14, 8),
       (15, 9),
       (16, 10),
       (17, 11),
       (18, 12),
       (19, 13),
       (20, 14),
       (21, 15),
       (22, 16),
       (23, 17),
       (24, 18),
       (25, 19),
       (26, 20),
       (27, 21),
       (28, 22),
       (19, 23),
       (29, 24),
       (30, 25);